"id","lc_number","name","url","topic","difficulty","section","section_order","tags","created_at"
"1","1","Two Sum","https://leetcode.com/problems/two-sum/","Arrays & Hashing","Easy","Arrays & Hashing","1","[]","2026-03-11 12:08:20.657124+00"
"2","49","Group Anagrams","https://leetcode.com/problems/group-anagrams/","Arrays & Hashing","Medium","Arrays & Hashing","1","[]","2026-03-11 12:08:20.873686+00"
"3","128","Longest Consecutive Sequence","https://leetcode.com/problems/longest-consecutive-sequence/","Arrays & Hashing","Medium","Arrays & Hashing","1","[]","2026-03-11 12:08:21.073753+00"
"4","238","Product of Array Except Self","https://leetcode.com/problems/product-of-array-except-self/","Arrays & Hashing","Medium","Arrays & Hashing","1","[]","2026-03-11 12:08:21.285083+00"
"5","347","Top K Frequent Elements","https://leetcode.com/problems/top-k-frequent-elements/","Arrays & Hashing","Medium","Arrays & Hashing","1","[]","2026-03-11 12:08:21.485486+00"
"6","271","Encode and Decode Strings","https://leetcode.com/problems/encode-and-decode-strings/","Arrays & Hashing","Medium","Arrays & Hashing","1","[]","2026-03-11 12:08:21.697937+00"
"7","36","Valid Sudoku","https://leetcode.com/problems/valid-sudoku/","Arrays & Hashing","Medium","Arrays & Hashing","1","[]","2026-03-11 12:08:21.899461+00"
"8","560","Subarray Sum Equals K","https://leetcode.com/problems/subarray-sum-equals-k/","Arrays & Hashing","Medium","Arrays & Hashing","1","[]","2026-03-11 12:08:22.110161+00"
"9","41","First Missing Positive","https://leetcode.com/problems/first-missing-positive/","Arrays & Hashing","Hard","Arrays & Hashing","1","[]","2026-03-11 12:08:22.309567+00"
"10","380","Insert Delete GetRandom O(1)","https://leetcode.com/problems/insert-delete-getrandom-o1/","Arrays & Hashing","Medium","Arrays & Hashing","1","[]","2026-03-11 12:08:22.519319+00"
"11","454","4Sum II","https://leetcode.com/problems/4sum-ii/","Arrays & Hashing","Medium","Arrays & Hashing","1","[]","2026-03-11 12:08:22.718685+00"
"12","442","Find All Duplicates in an Array","https://leetcode.com/problems/find-all-duplicates-in-an-array/","Arrays & Hashing","Medium","Arrays & Hashing","1","[]","2026-03-11 12:08:22.928839+00"
"13","525","Contiguous Array","https://leetcode.com/problems/contiguous-array/","Arrays & Hashing","Medium","Arrays & Hashing","1","[]","2026-03-11 12:08:23.129057+00"
"14","56","Merge Intervals","https://leetcode.com/problems/merge-intervals/","Arrays & Intervals","Medium","Arrays & Hashing","1","[]","2026-03-11 12:08:23.338907+00"
"15","57","Insert Interval","https://leetcode.com/problems/insert-interval/","Arrays & Intervals","Medium","Arrays & Hashing","1","[]","2026-03-11 12:08:23.538696+00"
"16","435","Non-overlapping Intervals","https://leetcode.com/problems/non-overlapping-intervals/","Arrays & Intervals","Medium","Arrays & Hashing","1","[]","2026-03-11 12:08:23.748478+00"
"17","253","Meeting Rooms II","https://leetcode.com/problems/meeting-rooms-ii/","Arrays & Intervals","Medium","Arrays & Hashing","1","[]","2026-03-11 12:08:23.948316+00"
"18","125","Valid Palindrome","https://leetcode.com/problems/valid-palindrome/","Two Pointers","Easy","Two Pointers","2","[]","2026-03-11 12:08:24.160461+00"
"19","167","Two Sum II - Input Array Is Sorted","https://leetcode.com/problems/two-sum-ii-input-array-is-sorted/","Two Pointers","Medium","Two Pointers","2","[]","2026-03-11 12:08:24.370105+00"
"20","15","3Sum","https://leetcode.com/problems/3sum/","Two Pointers","Medium","Two Pointers","2","[]","2026-03-11 12:08:24.580582+00"
"21","18","4Sum","https://leetcode.com/problems/4sum/","Two Pointers","Medium","Two Pointers","2","[]","2026-03-11 12:08:24.779463+00"
"22","11","Container With Most Water","https://leetcode.com/problems/container-with-most-water/","Two Pointers","Medium","Two Pointers","2","[]","2026-03-11 12:08:24.98917+00"
"23","42","Trapping Rain Water","https://leetcode.com/problems/trapping-rain-water/","Two Pointers","Hard","Two Pointers","2","[]","2026-03-11 12:08:25.188232+00"
"24","283","Move Zeroes","https://leetcode.com/problems/move-zeroes/","Two Pointers","Easy","Two Pointers","2","[]","2026-03-11 12:08:25.397892+00"
"25","26","Remove Duplicates from Sorted Array","https://leetcode.com/problems/remove-duplicates-from-sorted-array/","Two Pointers","Easy","Two Pointers","2","[]","2026-03-11 12:08:25.596953+00"
"26","80","Remove Duplicates from Sorted Array II","https://leetcode.com/problems/remove-duplicates-from-sorted-array-ii/","Two Pointers","Medium","Two Pointers","2","[]","2026-03-11 12:08:25.806912+00"
"27","881","Boats to Save People","https://leetcode.com/problems/boats-to-save-people/","Two Pointers","Medium","Two Pointers","2","[]","2026-03-11 12:08:26.006583+00"
"28","121","Best Time to Buy and Sell Stock","https://leetcode.com/problems/best-time-to-buy-and-sell-stock/","Sliding Window","Easy","Sliding Window","3","[]","2026-03-11 12:08:26.216636+00"
"29","3","Longest Substring Without Repeating Characters","https://leetcode.com/problems/longest-substring-without-repeating-characters/","Sliding Window","Medium","Sliding Window","3","[]","2026-03-11 12:08:26.415781+00"
"30","424","Longest Repeating Character Replacement","https://leetcode.com/problems/longest-repeating-character-replacement/","Sliding Window","Medium","Sliding Window","3","[]","2026-03-11 12:08:26.625823+00"
"31","567","Permutation in String","https://leetcode.com/problems/permutation-in-string/","Sliding Window","Medium","Sliding Window","3","[]","2026-03-11 12:08:26.824722+00"
"32","76","Minimum Window Substring","https://leetcode.com/problems/minimum-window-substring/","Sliding Window","Hard","Sliding Window","3","[]","2026-03-11 12:08:27.034149+00"
"33","239","Sliding Window Maximum","https://leetcode.com/problems/sliding-window-maximum/","Sliding Window","Hard","Sliding Window","3","[]","2026-03-11 12:08:27.233072+00"
"34","209","Minimum Size Subarray Sum","https://leetcode.com/problems/minimum-size-subarray-sum/","Sliding Window","Medium","Sliding Window","3","[]","2026-03-11 12:08:27.443236+00"
"35","438","Find All Anagrams in a String","https://leetcode.com/problems/find-all-anagrams-in-a-string/","Sliding Window","Medium","Sliding Window","3","[]","2026-03-11 12:08:27.642482+00"
"36","904","Fruit Into Baskets","https://leetcode.com/problems/fruit-into-baskets/","Sliding Window","Medium","Sliding Window","3","[]","2026-03-11 12:08:27.851982+00"
"37","1004","Max Consecutive Ones III","https://leetcode.com/problems/max-consecutive-ones-iii/","Sliding Window","Medium","Sliding Window","3","[]","2026-03-11 12:08:28.051227+00"
"38","20","Valid Parentheses","https://leetcode.com/problems/valid-parentheses/","Stack","Easy","Stack & Queue","4","[]","2026-03-11 12:08:28.260959+00"
"39","155","Min Stack","https://leetcode.com/problems/min-stack/","Stack","Medium","Stack & Queue","4","[]","2026-03-11 12:08:28.460473+00"
"41","150","Evaluate Reverse Polish Notation","https://leetcode.com/problems/evaluate-reverse-polish-notation/","Stack","Medium","Stack & Queue","4","[]","2026-03-11 12:08:28.670146+00"
"43","22","Generate Parentheses","https://leetcode.com/problems/generate-parentheses/","Stack","Medium","Stack & Queue","4","[]","2026-03-11 12:08:28.869182+00"
"45","739","Daily Temperatures","https://leetcode.com/problems/daily-temperatures/","Monotonic Stack","Medium","Stack & Queue","4","[]","2026-03-11 12:08:29.078789+00"
"47","853","Car Fleet","https://leetcode.com/problems/car-fleet/","Stack","Medium","Stack & Queue","4","[]","2026-03-11 12:08:29.27804+00"
"49","84","Largest Rectangle in Histogram","https://leetcode.com/problems/largest-rectangle-in-histogram/","Monotonic Stack","Hard","Stack & Queue","4","[]","2026-03-11 12:08:29.488598+00"
"51","85","Maximal Rectangle","https://leetcode.com/problems/maximal-rectangle/","Monotonic Stack","Hard","Stack & Queue","4","[]","2026-03-11 12:08:29.688559+00"
"53","394","Decode String","https://leetcode.com/problems/decode-string/","Stack","Medium","Stack & Queue","4","[]","2026-03-11 12:08:29.898275+00"
"55","496","Next Greater Element I","https://leetcode.com/problems/next-greater-element-i/","Monotonic Stack","Easy","Stack & Queue","4","[]","2026-03-11 12:08:30.103956+00"
"57","503","Next Greater Element II","https://leetcode.com/problems/next-greater-element-ii/","Monotonic Stack","Medium","Stack & Queue","4","[]","2026-03-11 12:08:30.314286+00"
"59","735","Asteroid Collision","https://leetcode.com/problems/asteroid-collision/","Stack","Medium","Stack & Queue","4","[]","2026-03-11 12:08:30.513086+00"
"61","895","Maximum Frequency Stack","https://leetcode.com/problems/maximum-frequency-stack/","Stack","Hard","Stack & Queue","4","[]","2026-03-11 12:08:30.723586+00"
"63","232","Implement Queue using Stacks","https://leetcode.com/problems/implement-queue-using-stacks/","Queue","Easy","Stack & Queue","4","[]","2026-03-11 12:08:30.924045+00"
"65","206","Reverse Linked List","https://leetcode.com/problems/reverse-linked-list/","Linked List","Easy","Linked Lists","5","[]","2026-03-11 12:08:31.133952+00"
"67","21","Merge Two Sorted Lists","https://leetcode.com/problems/merge-two-sorted-lists/","Linked List","Easy","Linked Lists","5","[]","2026-03-11 12:08:31.332812+00"
"69","143","Reorder List","https://leetcode.com/problems/reorder-list/","Linked List","Medium","Linked Lists","5","[]","2026-03-11 12:08:31.54288+00"
"71","19","Remove Nth Node From End of List","https://leetcode.com/problems/remove-nth-node-from-end-of-list/","Linked List","Medium","Linked Lists","5","[]","2026-03-11 12:08:31.741764+00"
"73","138","Copy List with Random Pointer","https://leetcode.com/problems/copy-list-with-random-pointer/","Linked List","Medium","Linked Lists","5","[]","2026-03-11 12:08:31.951948+00"
"75","2","Add Two Numbers","https://leetcode.com/problems/add-two-numbers/","Linked List","Medium","Linked Lists","5","[]","2026-03-11 12:08:32.151356+00"
"77","141","Linked List Cycle","https://leetcode.com/problems/linked-list-cycle/","Linked List","Easy","Linked Lists","5","[]","2026-03-11 12:08:32.360826+00"
"79","142","Linked List Cycle II","https://leetcode.com/problems/linked-list-cycle-ii/","Linked List","Medium","Linked Lists","5","[]","2026-03-11 12:08:32.55984+00"
"81","287","Find the Duplicate Number","https://leetcode.com/problems/find-the-duplicate-number/","Linked List (Floyd's)","Medium","Linked Lists","5","[]","2026-03-11 12:08:32.769505+00"
"83","146","LRU Cache","https://leetcode.com/problems/lru-cache/","Linked List & HashMap","Medium","Linked Lists","5","[]","2026-03-11 12:08:32.968292+00"
"85","23","Merge k Sorted Lists","https://leetcode.com/problems/merge-k-sorted-lists/","Linked List & Heap","Hard","Linked Lists","5","[]","2026-03-11 12:08:33.177943+00"
"87","25","Reverse Nodes in k-Group","https://leetcode.com/problems/reverse-nodes-in-k-group/","Linked List","Hard","Linked Lists","5","[]","2026-03-11 12:08:33.377268+00"
"89","148","Sort List","https://leetcode.com/problems/sort-list/","Linked List","Medium","Linked Lists","5","[]","2026-03-11 12:08:33.587156+00"
"91","234","Palindrome Linked List","https://leetcode.com/problems/palindrome-linked-list/","Linked List","Easy","Linked Lists","5","[]","2026-03-11 12:08:33.786752+00"
"93","460","LFU Cache","https://leetcode.com/problems/lfu-cache/","Linked List & HashMap","Hard","Linked Lists","5","[]","2026-03-11 12:08:33.996337+00"
"95","704","Binary Search","https://leetcode.com/problems/binary-search/","Binary Search","Easy","Binary Search","6","[]","2026-03-11 12:08:34.195616+00"
"97","74","Search a 2D Matrix","https://leetcode.com/problems/search-a-2d-matrix/","Binary Search","Medium","Binary Search","6","[]","2026-03-11 12:08:34.405507+00"
"99","875","Koko Eating Bananas","https://leetcode.com/problems/koko-eating-bananas/","Binary Search on Answer","Medium","Binary Search","6","[]","2026-03-11 12:08:34.604707+00"
"101","153","Find Minimum in Rotated Sorted Array","https://leetcode.com/problems/find-minimum-in-rotated-sorted-array/","Binary Search","Medium","Binary Search","6","[]","2026-03-11 12:08:34.815098+00"
"103","33","Search in Rotated Sorted Array","https://leetcode.com/problems/search-in-rotated-sorted-array/","Binary Search","Medium","Binary Search","6","[]","2026-03-11 12:08:35.014143+00"
"105","34","Find First and Last Position of Element","https://leetcode.com/problems/find-first-and-last-position-of-element-in-sorted-array/","Binary Search","Medium","Binary Search","6","[]","2026-03-11 12:08:35.224108+00"
"107","981","Time Based Key-Value Store","https://leetcode.com/problems/time-based-key-value-store/","Binary Search","Medium","Binary Search","6","[]","2026-03-11 12:08:35.423772+00"
"109","4","Median of Two Sorted Arrays","https://leetcode.com/problems/median-of-two-sorted-arrays/","Binary Search","Hard","Binary Search","6","[]","2026-03-11 12:08:35.641499+00"
"111","410","Split Array Largest Sum","https://leetcode.com/problems/split-array-largest-sum/","Binary Search on Answer","Hard","Binary Search","6","[]","2026-03-11 12:08:35.840576+00"
"113","1011","Capacity To Ship Packages Within D Days","https://leetcode.com/problems/capacity-to-ship-packages-within-d-days/","Binary Search on Answer","Medium","Binary Search","6","[]","2026-03-11 12:08:36.050147+00"
"115","162","Find Peak Element","https://leetcode.com/problems/find-peak-element/","Binary Search","Medium","Binary Search","6","[]","2026-03-11 12:08:36.24913+00"
"117","104","Maximum Depth of Binary Tree","https://leetcode.com/problems/maximum-depth-of-binary-tree/","Binary Tree","Easy","Binary Trees","7","[]","2026-03-11 12:08:36.458571+00"
"119","226","Invert Binary Tree","https://leetcode.com/problems/invert-binary-tree/","Binary Tree","Easy","Binary Trees","7","[]","2026-03-11 12:08:36.664011+00"
"121","543","Diameter of Binary Tree","https://leetcode.com/problems/diameter-of-binary-tree/","Binary Tree","Easy","Binary Trees","7","[]","2026-03-11 12:08:36.877668+00"
"123","110","Balanced Binary Tree","https://leetcode.com/problems/balanced-binary-tree/","Binary Tree","Easy","Binary Trees","7","[]","2026-03-11 12:08:37.076269+00"
"125","100","Same Tree","https://leetcode.com/problems/same-tree/","Binary Tree","Easy","Binary Trees","7","[]","2026-03-11 12:08:37.285807+00"
"127","572","Subtree of Another Tree","https://leetcode.com/problems/subtree-of-another-tree/","Binary Tree","Easy","Binary Trees","7","[]","2026-03-11 12:08:37.484401+00"
"129","102","Binary Tree Level Order Traversal","https://leetcode.com/problems/binary-tree-level-order-traversal/","Binary Tree (BFS)","Medium","Binary Trees","7","[]","2026-03-11 12:08:37.693805+00"
"130","199","Binary Tree Right Side View","https://leetcode.com/problems/binary-tree-right-side-view/","Binary Tree (BFS)","Medium","Binary Trees","7","[]","2026-03-11 12:08:37.892518+00"
"132","1448","Count Good Nodes in Binary Tree","https://leetcode.com/problems/count-good-nodes-in-binary-tree/","Binary Tree (DFS)","Medium","Binary Trees","7","[]","2026-03-11 12:08:38.102466+00"
"134","98","Validate Binary Search Tree","https://leetcode.com/problems/validate-binary-search-tree/","BST","Medium","Binary Trees","7","[]","2026-03-11 12:08:38.301378+00"
"136","230","Kth Smallest Element in a BST","https://leetcode.com/problems/kth-smallest-element-in-a-bst/","BST","Medium","Binary Trees","7","[]","2026-03-11 12:08:38.510878+00"
"138","105","Construct Binary Tree from Preorder and Inorder","https://leetcode.com/problems/construct-binary-tree-from-preorder-and-inorder-traversal/","Binary Tree","Medium","Binary Trees","7","[]","2026-03-11 12:08:38.710006+00"
"140","124","Binary Tree Maximum Path Sum","https://leetcode.com/problems/binary-tree-maximum-path-sum/","Binary Tree (DFS)","Hard","Binary Trees","7","[]","2026-03-11 12:08:38.919901+00"
"142","297","Serialize and Deserialize Binary Tree","https://leetcode.com/problems/serialize-and-deserialize-binary-tree/","Binary Tree","Hard","Binary Trees","7","[]","2026-03-11 12:08:39.118827+00"
"144","236","Lowest Common Ancestor of a Binary Tree","https://leetcode.com/problems/lowest-common-ancestor-of-a-binary-tree/","Binary Tree","Medium","Binary Trees","7","[]","2026-03-11 12:08:39.328827+00"
"146","235","Lowest Common Ancestor of a BST","https://leetcode.com/problems/lowest-common-ancestor-of-a-binary-search-tree/","BST","Medium","Binary Trees","7","[]","2026-03-11 12:08:39.528294+00"
"148","703","Kth Largest Element in a Stream","https://leetcode.com/problems/kth-largest-element-in-a-stream/","Heap","Easy","Heaps / Priority Queues","8","[]","2026-03-11 12:08:39.738004+00"
"150","215","Kth Largest Element in an Array","https://leetcode.com/problems/kth-largest-element-in-an-array/","Heap","Medium","Heaps / Priority Queues","8","[]","2026-03-11 12:08:39.937466+00"
"152","1046","Last Stone Weight","https://leetcode.com/problems/last-stone-weight/","Heap","Easy","Heaps / Priority Queues","8","[]","2026-03-11 12:08:40.147443+00"
"154","973","K Closest Points to Origin","https://leetcode.com/problems/k-closest-points-to-origin/","Heap","Medium","Heaps / Priority Queues","8","[]","2026-03-11 12:08:40.346264+00"
"156","355","Design Twitter","https://leetcode.com/problems/design-twitter/","Heap","Medium","Heaps / Priority Queues","8","[]","2026-03-11 12:08:40.556145+00"
"158","295","Find Median from Data Stream","https://leetcode.com/problems/find-median-from-data-stream/","Two Heaps","Hard","Heaps / Priority Queues","8","[]","2026-03-11 12:08:40.755058+00"
"160","502","IPO","https://leetcode.com/problems/ipo/","Heap & Greedy","Hard","Heaps / Priority Queues","8","[]","2026-03-11 12:08:40.965091+00"
"162","200","Number of Islands","https://leetcode.com/problems/number-of-islands/","Graph (DFS/BFS)","Medium","Graphs","9","[]","2026-03-11 12:08:41.163964+00"
"164","133","Clone Graph","https://leetcode.com/problems/clone-graph/","Graph (DFS)","Medium","Graphs","9","[]","2026-03-11 12:08:41.375125+00"
"166","695","Max Area of Island","https://leetcode.com/problems/max-area-of-island/","Graph (DFS)","Medium","Graphs","9","[]","2026-03-11 12:08:41.574307+00"
"168","417","Pacific Atlantic Water Flow","https://leetcode.com/problems/pacific-atlantic-water-flow/","Graph (DFS)","Medium","Graphs","9","[]","2026-03-11 12:08:41.784219+00"
"170","130","Surrounded Regions","https://leetcode.com/problems/surrounded-regions/","Graph (DFS)","Medium","Graphs","9","[]","2026-03-11 12:08:41.983309+00"
"172","994","Rotting Oranges","https://leetcode.com/problems/rotting-oranges/","Graph (BFS)","Medium","Graphs","9","[]","2026-03-11 12:08:42.192954+00"
"174","207","Course Schedule","https://leetcode.com/problems/course-schedule/","Graph (Topological Sort)","Medium","Graphs","9","[]","2026-03-11 12:08:42.391987+00"
"176","210","Course Schedule II","https://leetcode.com/problems/course-schedule-ii/","Graph (Topological Sort)","Medium","Graphs","9","[]","2026-03-11 12:08:42.601658+00"
"178","684","Redundant Connection","https://leetcode.com/problems/redundant-connection/","Graph (Union Find)","Medium","Graphs","9","[]","2026-03-11 12:08:42.800625+00"
"180","127","Word Ladder","https://leetcode.com/problems/word-ladder/","Graph (BFS)","Hard","Graphs","9","[]","2026-03-11 12:08:43.010201+00"
"182","743","Network Delay Time","https://leetcode.com/problems/network-delay-time/","Graph (Dijkstra)","Medium","Graphs","9","[]","2026-03-11 12:08:43.210229+00"
"184","787","Cheapest Flights Within K Stops","https://leetcode.com/problems/cheapest-flights-within-k-stops/","Graph (Bellman-Ford)","Medium","Graphs","9","[]","2026-03-11 12:08:43.419783+00"
"186","1584","Min Cost to Connect All Points","https://leetcode.com/problems/min-cost-to-connect-all-points/","Graph (MST/Prim's)","Medium","Graphs","9","[]","2026-03-11 12:08:43.619386+00"
"188","329","Longest Increasing Path in a Matrix","https://leetcode.com/problems/longest-increasing-path-in-a-matrix/","Graph & DP","Hard","Graphs","9","[]","2026-03-11 12:08:43.829068+00"
"190","208","Implement Trie (Prefix Tree)","https://leetcode.com/problems/implement-trie-prefix-tree/","Trie","Medium","Tries","10","[]","2026-03-11 12:08:44.028223+00"
"192","211","Design Add and Search Words Data Structure","https://leetcode.com/problems/design-add-and-search-words-data-structure/","Trie","Medium","Tries","10","[]","2026-03-11 12:08:44.237974+00"
"194","212","Word Search II","https://leetcode.com/problems/word-search-ii/","Trie & Backtracking","Hard","Tries","10","[]","2026-03-11 12:08:44.437135+00"
"196","14","Longest Common Prefix","https://leetcode.com/problems/longest-common-prefix/","Trie","Easy","Tries","10","[]","2026-03-11 12:08:44.646906+00"
"198","1268","Search Suggestions System","https://leetcode.com/problems/search-suggestions-system/","Trie","Medium","Tries","10","[]","2026-03-11 12:08:44.84579+00"
"200","78","Subsets","https://leetcode.com/problems/subsets/","Backtracking","Medium","Recursion & Backtracking","11","[]","2026-03-11 12:08:45.055644+00"
"202","90","Subsets II","https://leetcode.com/problems/subsets-ii/","Backtracking","Medium","Recursion & Backtracking","11","[]","2026-03-11 12:08:45.254463+00"
"204","46","Permutations","https://leetcode.com/problems/permutations/","Backtracking","Medium","Recursion & Backtracking","11","[]","2026-03-11 12:08:45.464246+00"
"206","47","Permutations II","https://leetcode.com/problems/permutations-ii/","Backtracking","Medium","Recursion & Backtracking","11","[]","2026-03-11 12:08:45.663624+00"
"208","39","Combination Sum","https://leetcode.com/problems/combination-sum/","Backtracking","Medium","Recursion & Backtracking","11","[]","2026-03-11 12:08:45.874641+00"
"210","40","Combination Sum II","https://leetcode.com/problems/combination-sum-ii/","Backtracking","Medium","Recursion & Backtracking","11","[]","2026-03-11 12:08:46.073698+00"
"212","131","Palindrome Partitioning","https://leetcode.com/problems/palindrome-partitioning/","Backtracking","Medium","Recursion & Backtracking","11","[]","2026-03-11 12:08:46.283663+00"
"214","17","Letter Combinations of a Phone Number","https://leetcode.com/problems/letter-combinations-of-a-phone-number/","Backtracking","Medium","Recursion & Backtracking","11","[]","2026-03-11 12:08:46.482364+00"
"216","79","Word Search","https://leetcode.com/problems/word-search/","Backtracking","Medium","Recursion & Backtracking","11","[]","2026-03-11 12:08:46.691966+00"
"218","51","N-Queens","https://leetcode.com/problems/n-queens/","Backtracking","Hard","Recursion & Backtracking","11","[]","2026-03-11 12:08:46.89124+00"
"220","37","Sudoku Solver","https://leetcode.com/problems/sudoku-solver/","Backtracking","Hard","Recursion & Backtracking","11","[]","2026-03-11 12:08:47.100909+00"
"222","70","Climbing Stairs","https://leetcode.com/problems/climbing-stairs/","DP (1D)","Easy","Dynamic Programming","12","[]","2026-03-11 12:08:47.300335+00"
"224","198","House Robber","https://leetcode.com/problems/house-robber/","DP (1D)","Medium","Dynamic Programming","12","[]","2026-03-11 12:08:47.509875+00"
"226","213","House Robber II","https://leetcode.com/problems/house-robber-ii/","DP (1D)","Medium","Dynamic Programming","12","[]","2026-03-11 12:08:47.709143+00"
"228","5","Longest Palindromic Substring","https://leetcode.com/problems/longest-palindromic-substring/","DP (1D/2D)","Medium","Dynamic Programming","12","[]","2026-03-11 12:08:47.92392+00"
"229","91","Decode Ways","https://leetcode.com/problems/decode-ways/","DP (1D)","Medium","Dynamic Programming","12","[]","2026-03-11 12:08:48.122675+00"
"231","322","Coin Change","https://leetcode.com/problems/coin-change/","DP (1D)","Medium","Dynamic Programming","12","[]","2026-03-11 12:08:48.332171+00"
"233","518","Coin Change II","https://leetcode.com/problems/coin-change-ii/","DP (1D)","Medium","Dynamic Programming","12","[]","2026-03-11 12:08:48.531142+00"
"235","152","Maximum Product Subarray","https://leetcode.com/problems/maximum-product-subarray/","DP (1D)","Medium","Dynamic Programming","12","[]","2026-03-11 12:08:48.740905+00"
"237","139","Word Break","https://leetcode.com/problems/word-break/","DP (1D)","Medium","Dynamic Programming","12","[]","2026-03-11 12:08:48.939924+00"
"241","300","Longest Increasing Subsequence","https://leetcode.com/problems/longest-increasing-subsequence/","DP (1D)","Medium","Dynamic Programming","12","[]","2026-03-11 12:08:49.627826+00"
"242","416","Partition Equal Subset Sum","https://leetcode.com/problems/partition-equal-subset-sum/","DP (Knapsack)","Medium","Dynamic Programming","12","[]","2026-03-11 12:08:49.837531+00"
"243","494","Target Sum","https://leetcode.com/problems/target-sum/","DP (Knapsack)","Medium","Dynamic Programming","12","[]","2026-03-11 12:08:50.052535+00"
"244","62","Unique Paths","https://leetcode.com/problems/unique-paths/","DP (2D Grid)","Medium","Dynamic Programming","12","[]","2026-03-11 12:08:50.26268+00"
"245","64","Minimum Path Sum","https://leetcode.com/problems/minimum-path-sum/","DP (2D Grid)","Medium","Dynamic Programming","12","[]","2026-03-11 12:08:50.478299+00"
"246","1143","Longest Common Subsequence","https://leetcode.com/problems/longest-common-subsequence/","DP (2D)","Medium","Dynamic Programming","12","[]","2026-03-11 12:08:50.70068+00"
"247","72","Edit Distance","https://leetcode.com/problems/edit-distance/","DP (2D)","Medium","Dynamic Programming","12","[]","2026-03-11 12:08:50.925001+00"
"248","312","Burst Balloons","https://leetcode.com/problems/burst-balloons/","DP (Interval)","Hard","Dynamic Programming","12","[]","2026-03-11 12:08:51.13504+00"
"249","309","Best Time to Buy and Sell Stock with Cooldown","https://leetcode.com/problems/best-time-to-buy-and-sell-stock-with-cooldown/","DP (State Machine)","Medium","Dynamic Programming","12","[]","2026-03-11 12:08:51.349914+00"
"250","714","Best Time to Buy and Sell Stock with Transaction Fee","https://leetcode.com/problems/best-time-to-buy-and-sell-stock-with-transaction-fee/","DP (State Machine)","Medium","Dynamic Programming","12","[]","2026-03-11 12:08:51.559476+00"
"251","53","Maximum Subarray","https://leetcode.com/problems/maximum-subarray/","Greedy (Kadane's)","Medium","Greedy","13","[]","2026-03-11 12:08:51.774879+00"
"252","55","Jump Game","https://leetcode.com/problems/jump-game/","Greedy","Medium","Greedy","13","[]","2026-03-11 12:08:51.984721+00"
"253","45","Jump Game II","https://leetcode.com/problems/jump-game-ii/","Greedy","Medium","Greedy","13","[]","2026-03-11 12:08:52.199803+00"
"254","134","Gas Station","https://leetcode.com/problems/gas-station/","Greedy","Medium","Greedy","13","[]","2026-03-11 12:08:52.410124+00"
"255","763","Partition Labels","https://leetcode.com/problems/partition-labels/","Greedy","Medium","Greedy","13","[]","2026-03-11 12:08:52.625251+00"
"256","678","Valid Parenthesis String","https://leetcode.com/problems/valid-parenthesis-string/","Greedy","Medium","Greedy","13","[]","2026-03-11 12:08:52.835432+00"
"257","452","Minimum Number of Arrows to Burst Balloons","https://leetcode.com/problems/minimum-number-of-arrows-to-burst-balloons/","Greedy & Intervals","Medium","Greedy","13","[]","2026-03-11 12:08:53.050353+00"
"258","135","Candy","https://leetcode.com/problems/candy/","Greedy","Hard","Greedy","13","[]","2026-03-11 12:08:53.260086+00"
"259","136","Single Number","https://leetcode.com/problems/single-number/","Bit Manipulation","Easy","Bit Manipulation","14","[]","2026-03-11 12:08:53.475802+00"
"260","191","Number of 1 Bits","https://leetcode.com/problems/number-of-1-bits/","Bit Manipulation","Easy","Bit Manipulation","14","[]","2026-03-11 12:08:53.685615+00"
"261","338","Counting Bits","https://leetcode.com/problems/counting-bits/","Bit Manipulation","Easy","Bit Manipulation","14","[]","2026-03-11 12:08:53.901643+00"
"262","190","Reverse Bits","https://leetcode.com/problems/reverse-bits/","Bit Manipulation","Easy","Bit Manipulation","14","[]","2026-03-11 12:08:54.11143+00"
"263","268","Missing Number","https://leetcode.com/problems/missing-number/","Bit Manipulation","Easy","Bit Manipulation","14","[]","2026-03-11 12:08:54.326938+00"
"264","371","Sum of Two Integers","https://leetcode.com/problems/sum-of-two-integers/","Bit Manipulation","Medium","Bit Manipulation","14","[]","2026-03-11 12:08:54.537214+00"
"265","48","Rotate Image","https://leetcode.com/problems/rotate-image/","Math & Matrix","Medium","Math & Geometry","15","[]","2026-03-11 12:08:54.752434+00"
"266","54","Spiral Matrix","https://leetcode.com/problems/spiral-matrix/","Math & Matrix","Medium","Math & Geometry","15","[]","2026-03-11 12:08:54.962701+00"
"267","73","Set Matrix Zeroes","https://leetcode.com/problems/set-matrix-zeroes/","Math & Matrix","Medium","Math & Geometry","15","[]","2026-03-11 12:08:55.178339+00"
"268","202","Happy Number","https://leetcode.com/problems/happy-number/","Math","Easy","Math & Geometry","15","[]","2026-03-11 12:08:55.387921+00"
"269","66","Plus One","https://leetcode.com/problems/plus-one/","Math","Easy","Math & Geometry","15","[]","2026-03-11 12:08:55.602878+00"
"270","149","Max Points on a Line","https://leetcode.com/problems/max-points-on-a-line/","Math & Geometry","Hard","Math & Geometry","15","[]","2026-03-11 12:08:55.832322+00"
"271","242","Valid Anagram","https://leetcode.com/problems/valid-anagram/","Strings","Easy","String Manipulation","16","[]","2026-03-11 12:08:56.047496+00"
"272","8","String to Integer (atoi)","https://leetcode.com/problems/string-to-integer-atoi/","Strings","Medium","String Manipulation","16","[]","2026-03-11 12:08:56.257071+00"
"273","68","Text Justification","https://leetcode.com/problems/text-justification/","Strings","Hard","String Manipulation","16","[]","2026-03-11 12:08:56.472133+00"
"274","273","Integer to English Words","https://leetcode.com/problems/integer-to-english-words/","Strings","Hard","String Manipulation","16","[]","2026-03-11 12:08:56.682133+00"
"275","341","Flatten Nested List Iterator","https://leetcode.com/problems/flatten-nested-list-iterator/","Design","Medium","Design / OOD","17","[]","2026-03-11 12:08:58.582464+00"
"276","1472","Design Browser History","https://leetcode.com/problems/design-browser-history/","Design","Medium","Design / OOD","17","[]","2026-03-11 12:08:58.794975+00"
"277","362","Design Hit Counter","https://leetcode.com/problems/design-hit-counter/","Design","Medium","Design / OOD","17","[]","2026-03-11 12:08:58.998444+00"
"278","659","Split Array into Consecutive Subsequences","https://leetcode.com/problems/split-array-into-consecutive-subsequences/","Arrays & Hashing","Medium","Arrays & Hashing","1","[]","2026-03-11 12:13:09.631357+00"
"279","299","Bulls and Cows","https://leetcode.com/problems/bulls-and-cows/","Arrays & Hashing","Medium","Arrays & Hashing","1","[]","2026-03-11 12:13:09.844325+00"
"280","554","Brick Wall","https://leetcode.com/problems/brick-wall/","Arrays & Hashing","Medium","Arrays & Hashing","1","[]","2026-03-11 12:13:10.052112+00"
"281","939","Minimum Area Rectangle","https://leetcode.com/problems/minimum-area-rectangle/","Arrays & Hashing","Medium","Arrays & Hashing","1","[]","2026-03-11 12:13:10.263938+00"
"282","953","Verifying an Alien Dictionary","https://leetcode.com/problems/verifying-an-alien-dictionary/","Arrays & Hashing","Easy","Arrays & Hashing","1","[]","2026-03-11 12:13:10.470594+00"
"283","2215","Find the Difference of Two Arrays","https://leetcode.com/problems/find-the-difference-of-two-arrays/","Arrays & Hashing","Easy","Arrays & Hashing","1","[]","2026-03-11 12:13:10.683352+00"
"284","1838","Frequency of the Most Frequent Element","https://leetcode.com/problems/frequency-of-the-most-frequent-element/","Arrays & Hashing","Medium","Arrays & Hashing","1","[]","2026-03-11 12:13:10.890943+00"
"285","846","Hand of Straights","https://leetcode.com/problems/hand-of-straights/","Arrays & Hashing","Medium","Arrays & Hashing","1","[]","2026-03-11 12:13:11.102394+00"
"286","705","Design HashSet","https://leetcode.com/problems/design-hashset/","Arrays & Hashing","Easy","Arrays & Hashing","1","[]","2026-03-11 12:13:11.308844+00"
"287","912","Sort an Array","https://leetcode.com/problems/sort-an-array/","Arrays & Sorting","Medium","Arrays & Hashing","1","[]","2026-03-11 12:13:11.519187+00"
"288","75","Sort Colors","https://leetcode.com/problems/sort-colors/","Arrays & Sorting","Medium","Arrays & Hashing","1","[]","2026-03-11 12:13:11.725077+00"
"289","252","Meeting Rooms","https://leetcode.com/problems/meeting-rooms/","Arrays & Intervals","Easy","Arrays & Hashing","1","[]","2026-03-11 12:13:11.935369+00"
"290","1851","Minimum Interval to Include Each Query","https://leetcode.com/problems/minimum-interval-to-include-each-query/","Arrays & Intervals","Hard","Arrays & Hashing","1","[]","2026-03-11 12:13:12.141452+00"
"291","977","Squares of a Sorted Array","https://leetcode.com/problems/squares-of-a-sorted-array/","Two Pointers","Easy","Two Pointers","2","[]","2026-03-11 12:13:12.351911+00"
"292","680","Valid Palindrome II","https://leetcode.com/problems/valid-palindrome-ii/","Two Pointers","Easy","Two Pointers","2","[]","2026-03-11 12:13:12.558088+00"
"293","1498","Number of Subsequences That Satisfy the Given Sum Condition","https://leetcode.com/problems/number-of-subsequences-that-satisfy-the-given-sum-condition/","Two Pointers","Medium","Two Pointers","2","[]","2026-03-11 12:13:12.768608+00"
"294","658","Find K Closest Elements","https://leetcode.com/problems/find-k-closest-elements/","Two Pointers","Medium","Two Pointers","2","[]","2026-03-11 12:13:12.974498+00"
"295","838","Push Dominoes","https://leetcode.com/problems/push-dominoes/","Two Pointers","Medium","Two Pointers","2","[]","2026-03-11 12:13:13.185369+00"
"296","1456","Maximum Number of Vowels in a Substring of Given Length","https://leetcode.com/problems/maximum-number-of-vowels-in-a-substring-of-given-length/","Sliding Window","Medium","Sliding Window","3","[]","2026-03-11 12:13:13.391387+00"
"297","2024","Maximize the Confusion of an Exam","https://leetcode.com/problems/maximize-the-confusion-of-an-exam/","Sliding Window","Medium","Sliding Window","3","[]","2026-03-11 12:13:13.601944+00"
"298","395","Longest Substring with At Least K Repeating Characters","https://leetcode.com/problems/longest-substring-with-at-least-k-repeating-characters/","Sliding Window","Medium","Sliding Window","3","[]","2026-03-11 12:13:13.808206+00"
"299","30","Substring with Concatenation of All Words","https://leetcode.com/problems/substring-with-concatenation-of-all-words/","Sliding Window","Hard","Sliding Window","3","[]","2026-03-11 12:13:14.018527+00"
"300","992","Subarrays with K Different Integers","https://leetcode.com/problems/subarrays-with-k-different-integers/","Sliding Window","Hard","Sliding Window","3","[]","2026-03-11 12:13:14.22389+00"
"301","71","Simplify Path","https://leetcode.com/problems/simplify-path/","Stack","Medium","Stack & Queue","4","[]","2026-03-11 12:13:14.434568+00"
"302","227","Basic Calculator II","https://leetcode.com/problems/basic-calculator-ii/","Stack","Medium","Stack & Queue","4","[]","2026-03-11 12:13:14.646708+00"
"303","224","Basic Calculator","https://leetcode.com/problems/basic-calculator/","Stack","Hard","Stack & Queue","4","[]","2026-03-11 12:13:14.857408+00"
"304","901","Online Stock Span","https://leetcode.com/problems/online-stock-span/","Monotonic Stack","Medium","Stack & Queue","4","[]","2026-03-11 12:13:15.062942+00"
"305","402","Remove K Digits","https://leetcode.com/problems/remove-k-digits/","Monotonic Stack","Medium","Stack & Queue","4","[]","2026-03-11 12:13:15.273667+00"
"306","456","132 Pattern","https://leetcode.com/problems/132-pattern/","Monotonic Stack","Medium","Stack & Queue","4","[]","2026-03-11 12:13:15.479376+00"
"307","225","Implement Stack using Queues","https://leetcode.com/problems/implement-stack-using-queues/","Queue","Easy","Stack & Queue","4","[]","2026-03-11 12:13:15.689958+00"
"308","621","Task Scheduler","https://leetcode.com/problems/task-scheduler/","Queue & Heap","Medium","Stack & Queue","4","[]","2026-03-11 12:13:15.896202+00"
"309","61","Rotate List","https://leetcode.com/problems/rotate-list/","Linked List","Medium","Linked Lists","5","[]","2026-03-11 12:13:16.106799+00"
"310","86","Partition List","https://leetcode.com/problems/partition-list/","Linked List","Medium","Linked Lists","5","[]","2026-03-11 12:13:16.312236+00"
"311","92","Reverse Linked List II","https://leetcode.com/problems/reverse-linked-list-ii/","Linked List","Medium","Linked Lists","5","[]","2026-03-11 12:13:16.522806+00"
"312","160","Intersection of Two Linked Lists","https://leetcode.com/problems/intersection-of-two-linked-lists/","Linked List","Easy","Linked Lists","5","[]","2026-03-11 12:13:16.728647+00"
"313","328","Odd Even Linked List","https://leetcode.com/problems/odd-even-linked-list/","Linked List","Medium","Linked Lists","5","[]","2026-03-11 12:13:16.939395+00"
"314","81","Search in Rotated Sorted Array II","https://leetcode.com/problems/search-in-rotated-sorted-array-ii/","Binary Search","Medium","Binary Search","6","[]","2026-03-11 12:13:17.146222+00"
"315","540","Single Element in a Sorted Array","https://leetcode.com/problems/single-element-in-a-sorted-array/","Binary Search","Medium","Binary Search","6","[]","2026-03-11 12:13:17.356714+00"
"316","778","Swim in Rising Water","https://leetcode.com/problems/swim-in-rising-water/","Binary Search & Graph","Hard","Binary Search","6","[]","2026-03-11 12:13:17.56266+00"
"317","2300","Successful Pairs of Spells and Potions","https://leetcode.com/problems/successful-pairs-of-spells-and-potions/","Binary Search","Medium","Binary Search","6","[]","2026-03-11 12:13:17.772955+00"
"318","1539","Kth Missing Positive Number","https://leetcode.com/problems/kth-missing-positive-number/","Binary Search","Easy","Binary Search","6","[]","2026-03-11 12:13:17.978735+00"
"319","374","Guess Number Higher or Lower","https://leetcode.com/problems/guess-number-higher-or-lower/","Binary Search","Easy","Binary Search","6","[]","2026-03-11 12:13:18.190053+00"
"320","69","Sqrt(x)","https://leetcode.com/problems/sqrtx/","Binary Search","Easy","Binary Search","6","[]","2026-03-11 12:13:18.39595+00"
"321","1283","Find the Smallest Divisor Given a Threshold","https://leetcode.com/problems/find-the-smallest-divisor-given-a-threshold/","Binary Search on Answer","Medium","Binary Search","6","[]","2026-03-11 12:13:18.606735+00"
"322","668","Kth Smallest Number in Multiplication Table","https://leetcode.com/problems/kth-smallest-number-in-multiplication-table/","Binary Search on Answer","Hard","Binary Search","6","[]","2026-03-11 12:13:18.812625+00"
"323","103","Binary Tree Zigzag Level Order Traversal","https://leetcode.com/problems/binary-tree-zigzag-level-order-traversal/","Binary Tree (BFS)","Medium","Binary Trees","7","[]","2026-03-11 12:13:19.023241+00"
"324","114","Flatten Binary Tree to Linked List","https://leetcode.com/problems/flatten-binary-tree-to-linked-list/","Binary Tree","Medium","Binary Trees","7","[]","2026-03-11 12:13:19.229127+00"
"325","958","Check Completeness of a Binary Tree","https://leetcode.com/problems/check-completeness-of-a-binary-tree/","Binary Tree (BFS)","Medium","Binary Trees","7","[]","2026-03-11 12:13:19.439251+00"
"326","662","Maximum Width of Binary Tree","https://leetcode.com/problems/maximum-width-of-binary-tree/","Binary Tree (BFS)","Medium","Binary Trees","7","[]","2026-03-11 12:13:19.64551+00"
"327","863","All Nodes Distance K in Binary Tree","https://leetcode.com/problems/all-nodes-distance-k-in-binary-tree/","Binary Tree & Graph","Medium","Binary Trees","7","[]","2026-03-11 12:13:19.855832+00"
"328","337","House Robber III","https://leetcode.com/problems/house-robber-iii/","Binary Tree & DP","Medium","Binary Trees","7","[]","2026-03-11 12:13:20.062242+00"
"329","449","Serialize and Deserialize BST","https://leetcode.com/problems/serialize-and-deserialize-bst/","BST","Medium","Binary Trees","7","[]","2026-03-11 12:13:20.272779+00"
"330","450","Delete Node in a BST","https://leetcode.com/problems/delete-node-in-a-bst/","BST","Medium","Binary Trees","7","[]","2026-03-11 12:13:20.478347+00"
"331","173","Binary Search Tree Iterator","https://leetcode.com/problems/binary-search-tree-iterator/","BST","Medium","Binary Trees","7","[]","2026-03-11 12:13:20.688627+00"
"332","116","Populating Next Right Pointers in Each Node","https://leetcode.com/problems/populating-next-right-pointers-in-each-node/","Binary Tree","Medium","Binary Trees","7","[]","2026-03-11 12:13:20.895928+00"
"333","951","Flip Equivalent Binary Trees","https://leetcode.com/problems/flip-equivalent-binary-trees/","Binary Tree","Medium","Binary Trees","7","[]","2026-03-11 12:13:21.106463+00"
"334","1382","Balance a Binary Search Tree","https://leetcode.com/problems/balance-a-binary-search-tree/","BST","Medium","Binary Trees","7","[]","2026-03-11 12:13:21.312278+00"
"335","968","Binary Tree Cameras","https://leetcode.com/problems/binary-tree-cameras/","Binary Tree & Greedy","Hard","Binary Trees","7","[]","2026-03-11 12:13:21.522628+00"
"336","987","Vertical Order Traversal of a Binary Tree","https://leetcode.com/problems/vertical-order-traversal-of-a-binary-tree/","Binary Tree","Hard","Binary Trees","7","[]","2026-03-11 12:13:21.728433+00"
"337","373","Find K Pairs with Smallest Sums","https://leetcode.com/problems/find-k-pairs-with-smallest-sums/","Heap","Medium","Heaps / Priority Queues","8","[]","2026-03-11 12:13:21.938491+00"
"339","767","Reorganize String","https://leetcode.com/problems/reorganize-string/","Heap","Medium","Heaps / Priority Queues","8","[]","2026-03-11 12:13:22.144268+00"
"341","1642","Furthest Building You Can Reach","https://leetcode.com/problems/furthest-building-you-can-reach/","Heap & Greedy","Medium","Heaps / Priority Queues","8","[]","2026-03-11 12:13:22.354508+00"
"343","1167","Minimum Cost to Connect Sticks","https://leetcode.com/problems/minimum-cost-to-connect-sticks/","Heap","Medium","Heaps / Priority Queues","8","[]","2026-03-11 12:13:22.560547+00"
"345","632","Smallest Range Covering Elements from K Lists","https://leetcode.com/problems/smallest-range-covering-elements-from-k-lists/","Heap","Hard","Heaps / Priority Queues","8","[]","2026-03-11 12:13:22.770723+00"
"347","1353","Maximum Number of Events That Can Be Attended","https://leetcode.com/problems/maximum-number-of-events-that-can-be-attended/","Heap & Greedy","Medium","Heaps / Priority Queues","8","[]","2026-03-11 12:13:22.976602+00"
"349","378","Kth Smallest Element in a Sorted Matrix","https://leetcode.com/problems/kth-smallest-element-in-a-sorted-matrix/","Heap","Medium","Heaps / Priority Queues","8","[]","2026-03-11 12:13:23.186891+00"
"351","1383","Maximum Performance of a Team","https://leetcode.com/problems/maximum-performance-of-a-team/","Heap & Greedy","Hard","Heaps / Priority Queues","8","[]","2026-03-11 12:13:23.39263+00"
"353","1834","Single-Threaded CPU","https://leetcode.com/problems/single-threaded-cpu/","Heap","Medium","Heaps / Priority Queues","8","[]","2026-03-11 12:13:23.602801+00"
"355","2542","Maximum Subsequence Score","https://leetcode.com/problems/maximum-subsequence-score/","Heap","Medium","Heaps / Priority Queues","8","[]","2026-03-11 12:13:23.808317+00"
"357","480","Sliding Window Median","https://leetcode.com/problems/sliding-window-median/","Two Heaps","Hard","Heaps / Priority Queues","8","[]","2026-03-11 12:13:24.01881+00"
"359","286","Walls and Gates","https://leetcode.com/problems/walls-and-gates/","Graph (BFS)","Medium","Graphs","9","[]","2026-03-11 12:13:24.224323+00"
"361","323","Number of Connected Components in an Undirected Graph","https://leetcode.com/problems/number-of-connected-components-in-an-undirected-graph/","Graph (Union Find)","Medium","Graphs","9","[]","2026-03-11 12:13:24.435489+00"
"363","261","Graph Valid Tree","https://leetcode.com/problems/graph-valid-tree/","Graph (Union Find)","Medium","Graphs","9","[]","2026-03-11 12:13:24.64141+00"
"365","332","Reconstruct Itinerary","https://leetcode.com/problems/reconstruct-itinerary/","Graph (Euler Path)","Hard","Graphs","9","[]","2026-03-11 12:13:24.851621+00"
"367","721","Accounts Merge","https://leetcode.com/problems/accounts-merge/","Graph (Union Find)","Medium","Graphs","9","[]","2026-03-11 12:13:25.057839+00"
"369","1129","Shortest Path with Alternating Colors","https://leetcode.com/problems/shortest-path-with-alternating-colors/","Graph (BFS)","Medium","Graphs","9","[]","2026-03-11 12:13:25.268013+00"
"371","802","Find Eventual Safe States","https://leetcode.com/problems/find-eventual-safe-states/","Graph (DFS/Topo)","Medium","Graphs","9","[]","2026-03-11 12:13:25.473596+00"
"373","785","Is Graph Bipartite?","https://leetcode.com/problems/is-graph-bipartite/","Graph (BFS/DFS)","Medium","Graphs","9","[]","2026-03-11 12:13:25.6838+00"
"375","1091","Shortest Path in Binary Matrix","https://leetcode.com/problems/shortest-path-in-binary-matrix/","Graph (BFS)","Medium","Graphs","9","[]","2026-03-11 12:13:25.88975+00"
"377","797","All Paths From Source to Target","https://leetcode.com/problems/all-paths-from-source-to-target/","Graph (DFS)","Medium","Graphs","9","[]","2026-03-11 12:13:26.100082+00"
"379","1971","Find if Path Exists in Graph","https://leetcode.com/problems/find-if-path-exists-in-graph/","Graph (DFS/Union Find)","Easy","Graphs","9","[]","2026-03-11 12:13:26.305998+00"
"381","269","Alien Dictionary","https://leetcode.com/problems/alien-dictionary/","Graph (Topological Sort)","Hard","Graphs","9","[]","2026-03-11 12:13:26.516404+00"
"383","399","Evaluate Division","https://leetcode.com/problems/evaluate-division/","Graph (DFS)","Medium","Graphs","9","[]","2026-03-11 12:13:26.722108+00"
"385","1192","Critical Connections in a Network","https://leetcode.com/problems/critical-connections-in-a-network/","Graph (Tarjan's)","Hard","Graphs","9","[]","2026-03-11 12:13:26.932498+00"
"387","1631","Path With Minimum Effort","https://leetcode.com/problems/path-with-minimum-effort/","Graph (Dijkstra)","Medium","Graphs","9","[]","2026-03-11 12:13:27.138117+00"
"389","1514","Path with Maximum Probability","https://leetcode.com/problems/path-with-maximum-probability/","Graph (Dijkstra)","Medium","Graphs","9","[]","2026-03-11 12:13:27.348312+00"
"391","547","Number of Provinces","https://leetcode.com/problems/number-of-provinces/","Graph (Union Find)","Medium","Graphs","9","[]","2026-03-11 12:13:27.553747+00"
"393","990","Satisfiability of Equality Equations","https://leetcode.com/problems/satisfiability-of-equality-equations/","Graph (Union Find)","Medium","Graphs","9","[]","2026-03-11 12:13:27.764545+00"
"395","1926","Nearest Exit from Entrance in Maze","https://leetcode.com/problems/nearest-exit-from-entrance-in-maze/","Graph (BFS)","Medium","Graphs","9","[]","2026-03-11 12:13:27.970273+00"
"397","1162","As Far from Land as Possible","https://leetcode.com/problems/as-far-from-land-as-possible/","Graph (Multi-source BFS)","Medium","Graphs","9","[]","2026-03-11 12:13:28.180564+00"
"399","815","Bus Routes","https://leetcode.com/problems/bus-routes/","Graph (BFS)","Hard","Graphs","9","[]","2026-03-11 12:13:28.391997+00"
"401","720","Longest Word in Dictionary","https://leetcode.com/problems/longest-word-in-dictionary/","Trie","Medium","Tries","10","[]","2026-03-11 12:13:28.602406+00"
"403","421","Maximum XOR of Two Numbers in an Array","https://leetcode.com/problems/maximum-xor-of-two-numbers-in-an-array/","Trie (Bitwise)","Medium","Tries","10","[]","2026-03-11 12:13:28.807898+00"
"405","336","Palindrome Pairs","https://leetcode.com/problems/palindrome-pairs/","Trie","Hard","Tries","10","[]","2026-03-11 12:13:29.018176+00"
"407","77","Combinations","https://leetcode.com/problems/combinations/","Backtracking","Medium","Recursion & Backtracking","11","[]","2026-03-11 12:13:29.223978+00"
"409","52","N-Queens II","https://leetcode.com/problems/n-queens-ii/","Backtracking","Hard","Recursion & Backtracking","11","[]","2026-03-11 12:13:29.434541+00"
"411","93","Restore IP Addresses","https://leetcode.com/problems/restore-ip-addresses/","Backtracking","Medium","Recursion & Backtracking","11","[]","2026-03-11 12:13:29.640092+00"
"413","698","Partition to K Equal Sum Subsets","https://leetcode.com/problems/partition-to-k-equal-sum-subsets/","Backtracking","Medium","Recursion & Backtracking","11","[]","2026-03-11 12:13:29.850553+00"
"415","473","Matchsticks to Square","https://leetcode.com/problems/matchsticks-to-square/","Backtracking","Medium","Recursion & Backtracking","11","[]","2026-03-11 12:13:30.05734+00"
"417","996","Number of Squareful Arrays","https://leetcode.com/problems/number-of-squareful-arrays/","Backtracking","Hard","Recursion & Backtracking","11","[]","2026-03-11 12:13:30.326638+00"
"419","1239","Maximum Length of a Concatenated String with Unique Characters","https://leetcode.com/problems/maximum-length-of-a-concatenated-string-with-unique-characters/","Backtracking","Medium","Recursion & Backtracking","11","[]","2026-03-11 12:13:30.532391+00"
"421","50","Pow(x, n)","https://leetcode.com/problems/powx-n/","Recursion","Medium","Recursion & Backtracking","11","[]","2026-03-11 12:13:30.742801+00"
"423","779","K-th Symbol in Grammar","https://leetcode.com/problems/k-th-symbol-in-grammar/","Recursion","Medium","Recursion & Backtracking","11","[]","2026-03-11 12:13:30.948834+00"
"425","241","Different Ways to Add Parentheses","https://leetcode.com/problems/different-ways-to-add-parentheses/","Recursion","Medium","Recursion & Backtracking","11","[]","2026-03-11 12:13:31.158989+00"
"427","894","All Possible Full Binary Trees","https://leetcode.com/problems/all-possible-full-binary-trees/","Recursion","Medium","Recursion & Backtracking","11","[]","2026-03-11 12:13:31.364798+00"
"429","60","Permutation Sequence","https://leetcode.com/problems/permutation-sequence/","Backtracking","Hard","Recursion & Backtracking","11","[]","2026-03-11 12:13:31.575757+00"
"431","282","Expression Add Operators","https://leetcode.com/problems/expression-add-operators/","Backtracking","Hard","Recursion & Backtracking","11","[]","2026-03-11 12:13:31.781285+00"
"433","491","Non-decreasing Subsequences","https://leetcode.com/problems/non-decreasing-subsequences/","Backtracking","Medium","Recursion & Backtracking","11","[]","2026-03-11 12:13:31.991429+00"
"435","746","Min Cost Climbing Stairs","https://leetcode.com/problems/min-cost-climbing-stairs/","DP (1D)","Easy","Dynamic Programming","12","[]","2026-03-11 12:13:32.197888+00"
"437","647","Palindromic Substrings","https://leetcode.com/problems/palindromic-substrings/","DP (1D/2D)","Medium","Dynamic Programming","12","[]","2026-03-11 12:13:32.408349+00"
"439","140","Word Break II","https://leetcode.com/problems/word-break-ii/","DP & Backtracking","Hard","Dynamic Programming","12","[]","2026-03-11 12:13:32.614091+00"
"441","673","Number of Longest Increasing Subsequence","https://leetcode.com/problems/number-of-longest-increasing-subsequence/","DP (1D)","Medium","Dynamic Programming","12","[]","2026-03-11 12:13:32.824848+00"
"443","63","Unique Paths II","https://leetcode.com/problems/unique-paths-ii/","DP (2D Grid)","Medium","Dynamic Programming","12","[]","2026-03-11 12:13:33.030401+00"
"445","120","Triangle","https://leetcode.com/problems/triangle/","DP (2D)","Medium","Dynamic Programming","12","[]","2026-03-11 12:13:33.240649+00"
"447","97","Interleaving String","https://leetcode.com/problems/interleaving-string/","DP (2D)","Medium","Dynamic Programming","12","[]","2026-03-11 12:13:33.446708+00"
"449","115","Distinct Subsequences","https://leetcode.com/problems/distinct-subsequences/","DP (2D)","Hard","Dynamic Programming","12","[]","2026-03-11 12:13:33.657063+00"
"451","10","Regular Expression Matching","https://leetcode.com/problems/regular-expression-matching/","DP (2D)","Hard","Dynamic Programming","12","[]","2026-03-11 12:13:33.862601+00"
"453","44","Wildcard Matching","https://leetcode.com/problems/wildcard-matching/","DP (2D)","Hard","Dynamic Programming","12","[]","2026-03-11 12:13:34.073479+00"
"455","1049","Last Stone Weight II","https://leetcode.com/problems/last-stone-weight-ii/","DP (Knapsack)","Medium","Dynamic Programming","12","[]","2026-03-11 12:13:34.279677+00"
"457","279","Perfect Squares","https://leetcode.com/problems/perfect-squares/","DP (1D)","Medium","Dynamic Programming","12","[]","2026-03-11 12:13:34.489869+00"
"459","377","Combination Sum IV","https://leetcode.com/problems/combination-sum-iv/","DP (1D)","Medium","Dynamic Programming","12","[]","2026-03-11 12:13:34.69603+00"
"461","343","Integer Break","https://leetcode.com/problems/integer-break/","DP (1D)","Medium","Dynamic Programming","12","[]","2026-03-11 12:13:34.906061+00"
"463","188","Best Time to Buy and Sell Stock IV","https://leetcode.com/problems/best-time-to-buy-and-sell-stock-iv/","DP (State Machine)","Hard","Dynamic Programming","12","[]","2026-03-11 12:13:35.112081+00"
"465","1964","Find the Longest Valid Obstacle Course at Each Position","https://leetcode.com/problems/find-the-longest-valid-obstacle-course-at-each-position/","DP (LIS variant)","Hard","Dynamic Programming","12","[]","2026-03-11 12:13:35.322829+00"
"467","354","Russian Doll Envelopes","https://leetcode.com/problems/russian-doll-envelopes/","DP (LIS variant)","Hard","Dynamic Programming","12","[]","2026-03-11 12:13:35.528622+00"
"468","1312","Minimum Insertion Steps to Make a String Palindrome","https://leetcode.com/problems/minimum-insertion-steps-to-make-a-string-palindrome/","DP (2D)","Hard","Dynamic Programming","12","[]","2026-03-11 12:13:35.738916+00"
"470","516","Longest Palindromic Subsequence","https://leetcode.com/problems/longest-palindromic-subsequence/","DP (2D)","Medium","Dynamic Programming","12","[]","2026-03-11 12:13:35.946512+00"
"472","1048","Longest String Chain","https://leetcode.com/problems/longest-string-chain/","DP (1D)","Medium","Dynamic Programming","12","[]","2026-03-11 12:13:36.15746+00"
"474","983","Minimum Cost For Tickets","https://leetcode.com/problems/minimum-cost-for-tickets/","DP (1D)","Medium","Dynamic Programming","12","[]","2026-03-11 12:13:36.363144+00"
"476","474","Ones and Zeroes","https://leetcode.com/problems/ones-and-zeroes/","DP (Knapsack)","Medium","Dynamic Programming","12","[]","2026-03-11 12:13:36.573718+00"
"478","221","Maximal Square","https://leetcode.com/problems/maximal-square/","DP (2D)","Medium","Dynamic Programming","12","[]","2026-03-11 12:13:36.780417+00"
"480","1335","Minimum Difficulty of a Job Schedule","https://leetcode.com/problems/minimum-difficulty-of-a-job-schedule/","DP (2D)","Hard","Dynamic Programming","12","[]","2026-03-11 12:13:36.990781+00"
"482","1547","Minimum Cost to Cut a Stick","https://leetcode.com/problems/minimum-cost-to-cut-a-stick/","DP (Interval)","Hard","Dynamic Programming","12","[]","2026-03-11 12:13:37.196864+00"
"484","1220","Count Vowels Permutation","https://leetcode.com/problems/count-vowels-permutation/","DP (State Machine)","Hard","Dynamic Programming","12","[]","2026-03-11 12:13:37.40713+00"
"486","1359","Count All Valid Pickup and Delivery Options","https://leetcode.com/problems/count-all-valid-pickup-and-delivery-options/","DP","Hard","Dynamic Programming","12","[]","2026-03-11 12:13:37.613204+00"
"488","2140","Solving Questions With Brainpower","https://leetcode.com/problems/solving-questions-with-brainpower/","DP (1D)","Medium","Dynamic Programming","12","[]","2026-03-11 12:13:37.823931+00"
"491","2466","Count Ways To Build Good Strings","https://leetcode.com/problems/count-ways-to-build-good-strings/","DP (1D)","Medium","Dynamic Programming","12","[]","2026-03-11 12:13:38.277916+00"
"492","87","Scramble String","https://leetcode.com/problems/scramble-string/","DP (3D)","Hard","Dynamic Programming","12","[]","2026-03-11 12:13:38.487958+00"
"493","1899","Merge Triplets to Form Target Triplet","https://leetcode.com/problems/merge-triplets-to-form-target-triplet/","Greedy","Medium","Greedy","13","[]","2026-03-11 12:13:38.701032+00"
"494","1921","Eliminate Maximum Number of Monsters","https://leetcode.com/problems/eliminate-maximum-number-of-monsters/","Greedy","Medium","Greedy","13","[]","2026-03-11 12:13:38.910833+00"
"495","2131","Longest Palindrome by Concatenating Two Letter Words","https://leetcode.com/problems/longest-palindrome-by-concatenating-two-letter-words/","Greedy","Medium","Greedy","13","[]","2026-03-11 12:13:39.124146+00"
"496","1029","Two City Scheduling","https://leetcode.com/problems/two-city-scheduling/","Greedy","Medium","Greedy","13","[]","2026-03-11 12:13:39.334292+00"
"497","1647","Minimum Deletions to Make Character Frequencies Unique","https://leetcode.com/problems/minimum-deletions-to-make-character-frequencies-unique/","Greedy","Medium","Greedy","13","[]","2026-03-11 12:13:39.547358+00"
"498","2551","Put Marbles in Bags","https://leetcode.com/problems/put-marbles-in-bags/","Greedy","Hard","Greedy","13","[]","2026-03-11 12:13:39.75737+00"
"499","1402","Reducing Dishes","https://leetcode.com/problems/reducing-dishes/","Greedy & Sorting","Hard","Greedy","13","[]","2026-03-11 12:13:39.970519+00"
"500","7","Reverse Integer","https://leetcode.com/problems/reverse-integer/","Bit Manipulation","Medium","Bit Manipulation","14","[]","2026-03-11 12:13:40.180278+00"
"501","137","Single Number II","https://leetcode.com/problems/single-number-ii/","Bit Manipulation","Medium","Bit Manipulation","14","[]","2026-03-11 12:13:40.393223+00"
"502","260","Single Number III","https://leetcode.com/problems/single-number-iii/","Bit Manipulation","Medium","Bit Manipulation","14","[]","2026-03-11 12:13:40.603196+00"
"503","201","Bitwise AND of Numbers Range","https://leetcode.com/problems/bitwise-and-of-numbers-range/","Bit Manipulation","Medium","Bit Manipulation","14","[]","2026-03-11 12:13:40.816148+00"
"504","43","Multiply Strings","https://leetcode.com/problems/multiply-strings/","Math","Medium","Math & Geometry","15","[]","2026-03-11 12:13:41.026112+00"
"505","2013","Detect Squares","https://leetcode.com/problems/detect-squares/","Math & Geometry","Medium","Math & Geometry","15","[]","2026-03-11 12:13:41.239213+00"
"506","829","Consecutive Numbers Sum","https://leetcode.com/problems/consecutive-numbers-sum/","Math","Hard","Math & Geometry","15","[]","2026-03-11 12:13:41.449118+00"
"507","1041","Robot Bounded In Circle","https://leetcode.com/problems/robot-bounded-in-circle/","Math & Geometry","Medium","Math & Geometry","15","[]","2026-03-11 12:13:41.661987+00"
"508","409","Longest Palindrome","https://leetcode.com/problems/longest-palindrome/","Strings","Easy","String Manipulation","16","[]","2026-03-11 12:13:41.871855+00"
"509","28","Find the Index of the First Occurrence in a String","https://leetcode.com/problems/find-the-index-of-the-first-occurrence-in-a-string/","Strings (KMP)","Easy","String Manipulation","16","[]","2026-03-11 12:13:42.085107+00"
"510","6","Zigzag Conversion","https://leetcode.com/problems/zigzag-conversion/","Strings","Medium","String Manipulation","16","[]","2026-03-11 12:13:42.295327+00"
"511","539","Minimum Time Difference","https://leetcode.com/problems/minimum-time-difference/","Strings & Sorting","Medium","String Manipulation","16","[]","2026-03-11 12:13:42.508634+00"
"512","1657","Determine if Two Strings Are Close","https://leetcode.com/problems/determine-if-two-strings-are-close/","Strings","Medium","String Manipulation","16","[]","2026-03-11 12:13:42.718678+00"
"513","1249","Minimum Remove to Make Valid Parentheses","https://leetcode.com/problems/minimum-remove-to-make-valid-parentheses/","Strings & Stack","Medium","String Manipulation","16","[]","2026-03-11 12:13:42.931681+00"
"514","1963","Minimum Number of Swaps to Make the String Balanced","https://leetcode.com/problems/minimum-number-of-swaps-to-make-the-string-balanced/","Strings","Medium","String Manipulation","16","[]","2026-03-11 12:13:43.141638+00"
"515","1153","String Transforms Into Another String","https://leetcode.com/problems/string-transforms-into-another-string/","Strings & Graph","Hard","String Manipulation","16","[]","2026-03-11 12:13:43.354848+00"
"516","65","Valid Number","https://leetcode.com/problems/valid-number/","Strings","Hard","String Manipulation","16","[]","2026-03-11 12:13:43.564954+00"
"517","588","Design In-Memory File System","https://leetcode.com/problems/design-in-memory-file-system/","Design","Hard","Design / OOD","17","[]","2026-03-11 12:13:43.777892+00"
"518","716","Max Stack","https://leetcode.com/problems/max-stack/","Design","Hard","Design / OOD","17","[]","2026-03-11 12:13:43.988342+00"
"519","9","Palindrome Number","https://leetcode.com/problems/palindrome-number","Math","Easy","BONUS — Missing from Striver SDE / NeetCode 150 / Blind 75 / Grind 169 / Sean Prashad Patterns","18","[]","2026-03-11 19:22:07.533122+00"
"520","12","Integer to Roman","https://leetcode.com/problems/integer-to-roman","Strings","Medium","BONUS — Missing from Striver SDE / NeetCode 150 / Blind 75 / Grind 169 / Sean Prashad Patterns","18","[]","2026-03-11 19:22:07.533467+00"
"521","13","Roman to Integer","https://leetcode.com/problems/roman-to-integer","Strings","Easy","BONUS — Missing from Striver SDE / NeetCode 150 / Blind 75 / Grind 169 / Sean Prashad Patterns","18","[]","2026-03-11 19:22:07.533490+00"
"522","31","Next Permutation","https://leetcode.com/problems/next-permutation","Arrays","Medium","BONUS — Missing from Striver SDE / NeetCode 150 / Blind 75 / Grind 169 / Sean Prashad Patterns","18","[]","2026-03-11 19:22:07.533505+00"
"523","38","Count and Say","https://leetcode.com/problems/count-and-say","Strings","Medium","BONUS — Missing from Striver SDE / NeetCode 150 / Blind 75 / Grind 169 / Sean Prashad Patterns","18","[]","2026-03-11 19:22:07.533519+00"
"524","67","Add Binary","https://leetcode.com/problems/add-binary","Strings & Bit","Easy","BONUS — Missing from Striver SDE / NeetCode 150 / Blind 75 / Grind 169 / Sean Prashad Patterns","18","[]","2026-03-11 19:22:07.533533+00"
"525","88","Merge Sorted Array","https://leetcode.com/problems/merge-sorted-array","Arrays & Two Pointers","Easy","BONUS — Missing from Striver SDE / NeetCode 150 / Blind 75 / Grind 169 / Sean Prashad Patterns","18","[]","2026-03-11 19:22:07.533550+00"
"526","99","Recover Binary Search Tree","https://leetcode.com/problems/recover-binary-search-tree","BST","Medium","BONUS — Missing from Striver SDE / NeetCode 150 / Blind 75 / Grind 169 / Sean Prashad Patterns","18","[]","2026-03-11 19:22:07.533623+00"
"527","107","Binary Tree Level Order Traversal II","https://leetcode.com/problems/binary-tree-level-order-traversal-ii","Binary Tree (BFS)","Medium","BONUS — Missing from Striver SDE / NeetCode 150 / Blind 75 / Grind 169 / Sean Prashad Patterns","18","[]","2026-03-11 19:22:07.533657+00"
"528","108","Convert Sorted Array to Binary Search Tree","https://leetcode.com/problems/convert-sorted-array-to-binary-search-tree","BST","Easy","BONUS — Missing from Striver SDE / NeetCode 150 / Blind 75 / Grind 169 / Sean Prashad Patterns","18","[]","2026-03-11 19:22:07.533675+00"
"529","112","Path Sum","https://leetcode.com/problems/path-sum","Binary Tree (DFS)","Easy","BONUS — Missing from Striver SDE / NeetCode 150 / Blind 75 / Grind 169 / Sean Prashad Patterns","18","[]","2026-03-11 19:22:07.533692+00"
"530","113","Path Sum II","https://leetcode.com/problems/path-sum-ii","Binary Tree (DFS)","Medium","BONUS — Missing from Striver SDE / NeetCode 150 / Blind 75 / Grind 169 / Sean Prashad Patterns","18","[]","2026-03-11 19:22:07.533709+00"
"531","118","Pascal's Triangle","https://leetcode.com/problems/pascals-triangle","Arrays & DP","Easy","BONUS — Missing from Striver SDE / NeetCode 150 / Blind 75 / Grind 169 / Sean Prashad Patterns","18","[]","2026-03-11 19:22:07.533724+00"
"532","129","Sum Root to Leaf Numbers","https://leetcode.com/problems/sum-root-to-leaf-numbers","Binary Tree (DFS)","Medium","BONUS — Missing from Striver SDE / NeetCode 150 / Blind 75 / Grind 169 / Sean Prashad Patterns","18","[]","2026-03-11 19:22:07.533740+00"
"533","151","Reverse Words in a String","https://leetcode.com/problems/reverse-words-in-a-string","Strings","Medium","BONUS — Missing from Striver SDE / NeetCode 150 / Blind 75 / Grind 169 / Sean Prashad Patterns","18","[]","2026-03-11 19:22:07.533755+00"
"534","169","Majority Element","https://leetcode.com/problems/majority-element","Arrays (Boyer-Moore)","Easy","BONUS — Missing from Striver SDE / NeetCode 150 / Blind 75 / Grind 169 / Sean Prashad Patterns","18","[]","2026-03-11 19:22:07.533770+00"
"535","217","Contains Duplicate","https://leetcode.com/problems/contains-duplicate","Arrays & Hashing","Easy","BONUS — Missing from Striver SDE / NeetCode 150 / Blind 75 / Grind 169 / Sean Prashad Patterns","18","[]","2026-03-11 19:22:07.533785+00"
"536","237","Delete Node in a Linked List","https://leetcode.com/problems/delete-node-in-a-linked-list","Linked List","Medium","BONUS — Missing from Striver SDE / NeetCode 150 / Blind 75 / Grind 169 / Sean Prashad Patterns","18","[]","2026-03-11 19:22:07.533800+00"
"537","278","First Bad Version","https://leetcode.com/problems/first-bad-version","Binary Search","Easy","BONUS — Missing from Striver SDE / NeetCode 150 / Blind 75 / Grind 169 / Sean Prashad Patterns","18","[]","2026-03-11 19:22:07.533815+00"
"538","310","Minimum Height Trees","https://leetcode.com/problems/minimum-height-trees","Graph (BFS/Topo)","Medium","BONUS — Missing from Striver SDE / NeetCode 150 / Blind 75 / Grind 169 / Sean Prashad Patterns","18","[]","2026-03-11 19:22:07.533830+00"
"539","344","Reverse String","https://leetcode.com/problems/reverse-string","Strings","Easy","BONUS — Missing from Striver SDE / NeetCode 150 / Blind 75 / Grind 169 / Sean Prashad Patterns","18","[]","2026-03-11 19:22:07.533844+00"
"540","383","Ransom Note","https://leetcode.com/problems/ransom-note","Strings & Hashing","Easy","BONUS — Missing from Striver SDE / NeetCode 150 / Blind 75 / Grind 169 / Sean Prashad Patterns","18","[]","2026-03-11 19:22:07.533859+00"
"541","433","Minimum Genetic Mutation","https://leetcode.com/problems/minimum-genetic-mutation","Graph (BFS)","Medium","BONUS — Missing from Striver SDE / NeetCode 150 / Blind 75 / Grind 169 / Sean Prashad Patterns","18","[]","2026-03-11 19:22:07.533874+00"
"542","437","Path Sum III","https://leetcode.com/problems/path-sum-iii","Binary Tree (DFS)","Medium","BONUS — Missing from Striver SDE / NeetCode 150 / Blind 75 / Grind 169 / Sean Prashad Patterns","18","[]","2026-03-11 19:22:07.533889+00"
"543","448","Find All Numbers Disappeared in an Array","https://leetcode.com/problems/find-all-numbers-disappeared-in-an-array","Arrays","Easy","BONUS — Missing from Striver SDE / NeetCode 150 / Blind 75 / Grind 169 / Sean Prashad Patterns","18","[]","2026-03-11 19:22:07.533905+00"
"544","455","Assign Cookies","https://leetcode.com/problems/assign-cookies","Greedy","Easy","BONUS — Missing from Striver SDE / NeetCode 150 / Blind 75 / Grind 169 / Sean Prashad Patterns","18","[]","2026-03-11 19:22:07.533920+00"
"545","459","Repeated Substring Pattern","https://leetcode.com/problems/repeated-substring-pattern","Strings (KMP)","Easy","BONUS — Missing from Striver SDE / NeetCode 150 / Blind 75 / Grind 169 / Sean Prashad Patterns","18","[]","2026-03-11 19:22:07.533935+00"
"546","472","Concatenated Words","https://leetcode.com/problems/concatenated-words","Trie & DP","Hard","BONUS — Missing from Striver SDE / NeetCode 150 / Blind 75 / Grind 169 / Sean Prashad Patterns","18","[]","2026-03-11 19:22:07.533950+00"
"547","493","Reverse Pairs","https://leetcode.com/problems/reverse-pairs","Arrays (Merge Sort)","Hard","BONUS — Missing from Striver SDE / NeetCode 150 / Blind 75 / Grind 169 / Sean Prashad Patterns","18","[]","2026-03-11 19:22:07.533970+00"
"548","530","Minimum Absolute Difference in BST","https://leetcode.com/problems/minimum-absolute-difference-in-bst","BST","Easy","BONUS — Missing from Striver SDE / NeetCode 150 / Blind 75 / Grind 169 / Sean Prashad Patterns","18","[]","2026-03-11 19:22:07.534034+00"
"549","542","01 Matrix","https://leetcode.com/problems/01-matrix","Graph (Multi-source BFS)","Medium","BONUS — Missing from Striver SDE / NeetCode 150 / Blind 75 / Grind 169 / Sean Prashad Patterns","18","[]","2026-03-11 19:22:07.534071+00"
"550","653","Two Sum IV - Input is a BST","https://leetcode.com/problems/two-sum-iv-input-is-a-bst","BST","Easy","BONUS — Missing from Striver SDE / NeetCode 150 / Blind 75 / Grind 169 / Sean Prashad Patterns","18","[]","2026-03-11 19:22:07.534096+00"
"551","669","Trim a Binary Search Tree","https://leetcode.com/problems/trim-a-binary-search-tree","BST","Medium","BONUS — Missing from Striver SDE / NeetCode 150 / Blind 75 / Grind 169 / Sean Prashad Patterns","18","[]","2026-03-11 19:22:07.534114+00"
"552","686","Repeated String Match","https://leetcode.com/problems/repeated-string-match","Strings (Rabin-Karp)","Medium","BONUS — Missing from Striver SDE / NeetCode 150 / Blind 75 / Grind 169 / Sean Prashad Patterns","18","[]","2026-03-11 19:22:07.534131+00"
"553","700","Search in a Binary Search Tree","https://leetcode.com/problems/search-in-a-binary-search-tree","BST","Easy","BONUS — Missing from Striver SDE / NeetCode 150 / Blind 75 / Grind 169 / Sean Prashad Patterns","18","[]","2026-03-11 19:22:07.534147+00"
"554","701","Insert into a Binary Search Tree","https://leetcode.com/problems/insert-into-a-binary-search-tree","BST","Medium","BONUS — Missing from Striver SDE / NeetCode 150 / Blind 75 / Grind 169 / Sean Prashad Patterns","18","[]","2026-03-11 19:22:07.534192+00"
"555","706","Design HashMap","https://leetcode.com/problems/design-hashmap","Design","Easy","BONUS — Missing from Striver SDE / NeetCode 150 / Blind 75 / Grind 169 / Sean Prashad Patterns","18","[]","2026-03-11 19:22:07.534228+00"
"556","733","Flood Fill","https://leetcode.com/problems/flood-fill","Graph (DFS)","Easy","BONUS — Missing from Striver SDE / NeetCode 150 / Blind 75 / Grind 169 / Sean Prashad Patterns","18","[]","2026-03-11 19:22:07.534246+00"
"557","844","Backspace String Compare","https://leetcode.com/problems/backspace-string-compare","Strings & Stack","Easy","BONUS — Missing from Striver SDE / NeetCode 150 / Blind 75 / Grind 169 / Sean Prashad Patterns","18","[]","2026-03-11 19:22:07.534260+00"
"558","876","Middle of the Linked List","https://leetcode.com/problems/middle-of-the-linked-list","Linked List","Easy","BONUS — Missing from Striver SDE / NeetCode 150 / Blind 75 / Grind 169 / Sean Prashad Patterns","18","[]","2026-03-11 19:22:07.534272+00"
"559","907","Sum of Subarray Minimums","https://leetcode.com/problems/sum-of-subarray-minimums","Monotonic Stack","Medium","BONUS — Missing from Striver SDE / NeetCode 150 / Blind 75 / Grind 169 / Sean Prashad Patterns","18","[]","2026-03-11 19:22:07.534284+00"
"560","986","Interval List Intersections","https://leetcode.com/problems/interval-list-intersections","Arrays & Intervals","Medium","BONUS — Missing from Striver SDE / NeetCode 150 / Blind 75 / Grind 169 / Sean Prashad Patterns","18","[]","2026-03-11 19:22:07.534299+00"
"561","993","Cousins in Binary Tree","https://leetcode.com/problems/cousins-in-binary-tree","Binary Tree (BFS)","Easy","BONUS — Missing from Striver SDE / NeetCode 150 / Blind 75 / Grind 169 / Sean Prashad Patterns","18","[]","2026-03-11 19:22:07.534312+00"
"562","1008","Construct BST from Preorder Traversal","https://leetcode.com/problems/construct-binary-search-tree-from-preorder-traversal","BST","Medium","BONUS — Missing from Striver SDE / NeetCode 150 / Blind 75 / Grind 169 / Sean Prashad Patterns","18","[]","2026-03-11 19:22:07.534324+00"
"563","1028","Recover a Tree From Preorder Traversal","https://leetcode.com/problems/recover-a-tree-from-preorder-traversal","Binary Tree (DFS)","Hard","BONUS — Missing from Striver SDE / NeetCode 150 / Blind 75 / Grind 169 / Sean Prashad Patterns","18","[]","2026-03-11 19:22:07.534336+00"
"564","1489","Find Critical and Pseudo-Critical Edges in MST","https://leetcode.com/problems/find-critical-and-pseudo-critical-edges-in-minimum-spanning-tree","Graph (MST/Kruskal's)","Hard","BONUS — Missing from Striver SDE / NeetCode 150 / Blind 75 / Grind 169 / Sean Prashad Patterns","18","[]","2026-03-11 19:22:07.534347+00"
"565","29","Divide Two Integers","https://leetcode.com/problems/divide-two-integers","Bit Manipulation","Medium","BONUS II — From NeetCode 250","19","[]","2026-03-11 19:22:07.534359+00"
"566","106","Construct Binary Tree from Inorder and Postorder Traversal","https://leetcode.com/problems/construct-binary-tree-from-inorder-and-postorder-traversal","Binary Tree","Medium","BONUS II — From NeetCode 250","19","[]","2026-03-11 19:22:07.534371+00"
"567","122","Best Time to Buy and Sell Stock II","https://leetcode.com/problems/best-time-to-buy-and-sell-stock-ii","DP (Greedy)","Medium","BONUS II — From NeetCode 250","19","[]","2026-03-11 19:22:07.534382+00"
"568","123","Best Time to Buy and Sell Stock III","https://leetcode.com/problems/best-time-to-buy-and-sell-stock-iii","DP (State Machine)","Hard","BONUS II — From NeetCode 250","19","[]","2026-03-11 19:22:07.534394+00"
"569","132","Palindrome Partitioning II","https://leetcode.com/problems/palindrome-partitioning-ii","DP (Partition)","Hard","BONUS II — From NeetCode 250","19","[]","2026-03-11 19:22:07.534405+00"
"570","222","Count Complete Tree Nodes","https://leetcode.com/problems/count-complete-tree-nodes","Binary Tree","Medium","BONUS II — From NeetCode 250","19","[]","2026-03-11 19:22:07.534417+00"
"571","229","Majority Element II","https://leetcode.com/problems/majority-element-ii","Arrays (Boyer-Moore)","Medium","BONUS II — From NeetCode 250","19","[]","2026-03-11 19:22:07.534428+00"
"572","523","Continuous Subarray Sum","https://leetcode.com/problems/continuous-subarray-sum","Arrays & Hashing","Medium","BONUS II — From NeetCode 250","19","[]","2026-03-11 19:22:07.534440+00"
"573","583","Delete Operation for Two Strings","https://leetcode.com/problems/delete-operation-for-two-strings","DP (LCS variant)","Medium","BONUS II — From NeetCode 250","19","[]","2026-03-11 19:22:07.534466+00"
"574","827","Making A Large Island","https://leetcode.com/problems/making-a-large-island","Graph (DFS/Union-Find)","Hard","BONUS II — From NeetCode 250","19","[]","2026-03-11 19:22:07.534487+00"
"575","931","Minimum Falling Path Sum","https://leetcode.com/problems/minimum-falling-path-sum","DP (2D Grid)","Medium","BONUS II — From NeetCode 250","19","[]","2026-03-11 19:22:07.534504+00"
"576","947","Most Stones Removed with Same Row or Column","https://leetcode.com/problems/most-stones-removed-with-same-row-or-column","Graph (Union-Find)","Medium","BONUS II — From NeetCode 250","19","[]","2026-03-11 19:22:07.534517+00"
"577","974","Subarray Sums Divisible by K","https://leetcode.com/problems/subarray-sums-divisible-by-k","Arrays & Hashing","Medium","BONUS II — From NeetCode 250","19","[]","2026-03-11 19:22:07.534530+00"
"578","1020","Number of Enclaves","https://leetcode.com/problems/number-of-enclaves","Graph (DFS)","Medium","BONUS II — From NeetCode 250","19","[]","2026-03-11 19:22:07.534541+00"
"579","1043","Partition Array for Maximum Sum","https://leetcode.com/problems/partition-array-for-maximum-sum","DP (Partition)","Medium","BONUS II — From NeetCode 250","19","[]","2026-03-11 19:22:07.534553+00"
"580","1161","Maximum Level Sum of a Binary Tree","https://leetcode.com/problems/maximum-level-sum-of-a-binary-tree","Binary Tree (BFS)","Medium","BONUS II — From NeetCode 250","19","[]","2026-03-11 19:22:07.534564+00"
"581","1254","Number of Closed Islands","https://leetcode.com/problems/number-of-closed-islands","Graph (DFS)","Medium","BONUS II — From NeetCode 250","19","[]","2026-03-11 19:22:07.534578+00"
"582","1289","Minimum Falling Path Sum II","https://leetcode.com/problems/minimum-falling-path-sum-ii","DP (2D)","Hard","BONUS II — From NeetCode 250","19","[]","2026-03-11 19:22:07.534590+00"
"583","1291","Sequential Digits","https://leetcode.com/problems/sequential-digits","Backtracking","Medium","BONUS II — From NeetCode 250","19","[]","2026-03-11 19:22:07.534601+00"
"584","1319","Number of Operations to Make Network Connected","https://leetcode.com/problems/number-of-operations-to-make-network-connected","Graph (Union-Find)","Medium","BONUS II — From NeetCode 250","19","[]","2026-03-11 19:22:07.534613+00"
"585","1354","Construct Target Array With Multiple Sums","https://leetcode.com/problems/construct-target-array-with-multiple-sums","Heap","Hard","BONUS II — From NeetCode 250","19","[]","2026-03-11 19:22:07.534624+00"
"586","1381","Design a Stack With Increment Operation","https://leetcode.com/problems/design-a-stack-with-increment-operation","Stack (Design)","Medium","BONUS II — From NeetCode 250","19","[]","2026-03-11 19:22:07.534635+00"
"587","1423","Maximum Points You Can Obtain from Cards","https://leetcode.com/problems/maximum-points-you-can-obtain-from-cards","Sliding Window","Medium","BONUS II — From NeetCode 250","19","[]","2026-03-11 19:22:07.534647+00"
"588","1463","Cherry Pickup II","https://leetcode.com/problems/cherry-pickup-ii","DP (3D)","Hard","BONUS II — From NeetCode 250","19","[]","2026-03-11 19:22:07.534658+00"
"589","1707","Maximum XOR With an Element From Array","https://leetcode.com/problems/maximum-xor-with-an-element-from-array","Trie (Advanced)","Hard","BONUS II — From NeetCode 250","19","[]","2026-03-11 19:22:07.534669+00"
"590","1905","Count Sub Islands","https://leetcode.com/problems/count-sub-islands","Graph (DFS)","Medium","BONUS II — From NeetCode 250","19","[]","2026-03-11 19:22:07.534680+00"
"591","1944","Number of Visible People in a Queue","https://leetcode.com/problems/number-of-visible-people-in-a-queue","Monotonic Stack","Hard","BONUS II — From NeetCode 250","19","[]","2026-03-11 19:22:07.534691+00"
"592","2192","All Ancestors of a Node in a DAG","https://leetcode.com/problems/all-ancestors-of-a-node-in-a-directed-acyclic-graph","Graph (Topo Sort)","Medium","BONUS II — From NeetCode 250","19","[]","2026-03-11 19:22:07.534702+00"